1,Hamidul Rahaman,CHOPRA,IND,4,TenthPass,Rs 2060000,~ 20 Lacs+,Rs 50000,~ 50 Thou+
2,Akshay Thakur,COOCHBEHAR DAKSHIN,AIFB,1,TwelfthPass,Rs 4876944,~ 48 Lacs+,Rs 0,~
3,Nagendra Nath Roy,COOCHBEHAR UTTAR (SC),AIFB,0,PostGraduate,Rs 1514626,~ 15 Lacs+,Rs 0,~
4,Udayan Guha,DINHATA,AIFB,3,Graduate,Rs 14242375,~ 1 Crore+,Rs 276860,~ 2 Lacs+
5,Bulu Chik Baraik,MAL (ST),CPM,0,EighthPass,Rs 119867,~ 1 Lacs+,Rs 0,~
6,Binay Krishna Barman,MATHABHANGA (SC),AITC,0,GraduateProfessional,Rs 5335000,~ 53 Lacs+,Rs 172000,~ 1 Lacs+
7,Keshab Chandra Ray,SITAI (SC),INC,1,GraduateProfessional,Rs 1503049,~ 15 Lacs+,Rs 0,~
8,Hiten Barman,SITALKUCHI (SC,AITC,0,TwelfthPass,Rs 2540000,~ 25 Lacs+,Rs 0,~
9,Deba Prasad Roy,ALIPURDUARS,INC,1,Graduate,Rs 1255667,~ 12 Lacs+,Rs 3001464,~ 30 Lacs+
10,Rafiqur Rahaman,AMDANGA,AITC,2,Graduate,Rs 3739443,~ 37 Lacs+,Rs 0,~
11,Asit Mitra,AMTA,INC,1,Graduate,Rs 389725,~ 3 Lacs+,Rs 17102,~ 17 Thou+
12,Krishna Chandra Santra,ARAMBAG (SC),AITC,0,Graduate,Rs 821500,~ 8 Lacs+,Rs 0,~
13,Tapas Banerjee,ASANSOL DAKSHIN,AITC,5,GraduateProfessional,Rs 1921032,~ 19 Lacs+,Rs 0,~
14,Moloy Ghatak,ASANSOL UTTAR,AITC,6,GraduateProfessional,Rs 6164295,~ 61 Lacs+,Rs 1478314,~ 14 Lacs+
15,Dhiman Roy,ASHOKNAGAR,AITC,1,Graduate,Rs 1588945,~ 15 Lacs+,Rs 0,~
16,Sri Basudev Mete,AUSGRAM (SC),CPM,0,TenthPass,Rs 170979,~ 1 Lacs+,Rs 9000,~ 9 Thou+
17,Abdul Gaffar Quazi,BADURIA,INC,1,TenthPass,Rs 8562105,~ 85 Lacs+,Rs 0,~
18,Upendra Nath Biswas,BAGDA,AITC,0,Doctorate,Rs 5418371,~ 54 Lacs+,Rs 100000,~ 1 Lacs+
19,Nepal Mahato,BAGHMUNDI,INC,22,Graduate,Rs 1837675,~ 18 Lacs+,Rs 822334,~ 8 Lacs+
20,Arunava Sen (raja),BAGNAN,AITC,5,TwelfthPass,Rs 1504753,~ 15 Lacs+,Rs 0,~
21,Manoj Chakraborty,BAHARAMPUR,INC,4,Graduate,Rs 1367028,~ 13 Lacs+,Rs 68506,~ 68 Thou+
22,Isha Khan Choudhury,BAISHNABNAGAR,INC,0,Graduate,Rs 883882,~ 8 Lacs+,Rs 0,~
23,Asim Kumar Majhi,BALAGARH (SC),AITC,0,Graduate,Rs 530057,~ 5 Lacs+,Rs 110000,~ 1 Lacs+
24,Shantiram Mahato,BALARAMPUR,AITC,11,TenthPass,Rs 2123224,~ 21 Lacs+,Rs 12341,~ 12 Thou+
25,Sultan Singh,BALLY,AITC,0,PostGraduate,Rs 26392300,~ 2 Crore+,Rs 3200000,~ 32 Lacs+
26,Subrata Mukherjee,BALLYGUNGE,AITC,2,PostGraduate,Rs 5543848,~ 55 Lacs+,Rs 0,~
27,Shankar Chakraborty,BALURGHAT,AITC,0,PostGraduate,Rs 7808975,~ 78 Lacs+,Rs 0,~
28,Susanta Besra,BANDWAN (ST),CPM,0,PostGraduate,Rs 1078748,~ 10 Lacs+,Rs 0,~
29,Surajit Kumar Biswas,BANGAON DAKSHIN,AITC,0,Graduate,Rs 9292488,~ 92 Lacs+,Rs 280000,~ 2 Lacs+
30,Biswajit Das,BANGAON UTTAR,AITC,4,EighthPass,Rs 807369,~ 8 Lacs+,Rs 13147,~ 13 Thou+
31,Kashinath Mishra,BANKURA,AITC,0,PostGraduate,Rs 3745710,~ 37 Lacs+,Rs 0,~
32,Tapas Roy,BARANAGAR,AITC,0,GraduateProfessional,Rs 10307660,~ 1 Crore+,Rs 2709002,~ 27 Lacs+
33,Chiranjeet Chakrabarti,BARASAT,AITC,0,TwelfthPass,Rs 19429326,~ 1 Crore+,Rs 1005852,~ 10 Lacs+
34,Bidhan Upadhyay,BARBANI,AITC,1,TwelfthPass,Rs 4218606,~ 42 Lacs+,Rs 1609566,~ 16 Lacs+
35,Rabiranjan Chattopadhyay,BARDHAMAN DAKSHIN,AITC,0,Doctorate,Rs 4309394,~ 43 Lacs+,Rs 398070,~ 3 Lacs+
36,Aparna Saha,BARDHAMAN UTTAR (SC),CPM,0,TenthPass,Rs 1944528,~ 19 Lacs+,Rs 0,~
37,Asutosh Mukherjee,BARJORA,AITC,0,Graduate,Rs 1106862,~ 11 Lacs+,Rs 0,~
38,Silbhadra Datta,BARRACKPUR,AITC,1,PostGraduate,Rs 1521928,~ 15 Lacs+,Rs 0,~
39,Biman Banerjee,BARUIPUR PASCHIM,AITC,0,PostGraduate,Rs 10071620,~ 1 Crore+,Rs 0,~
40,Nirmal Chandra Mandal,BARUIPUR PURBA (SC),AITC,0,Graduate,Rs 1989054,~ 19 Lacs+,Rs 0,~
41,Subhas Naskar,BASANTI (SC),RSP,0,Graduate,Rs 1804001,~ 18 Lacs+,Rs 0,~
42,Narayan Mukherjee,BASIRHAT DAKSHIN,CPM,0,PostGraduate,Rs 1522573,~ 15 Lacs+,Rs 40000,~ 40 Thou+
43,Mostafa Bin Quasem,BASIRHAT UTTAR,CPM,0,PostGraduate,Rs 4016707,~ 40 Lacs+,Rs 0,~
44,Partha Chatterjee,BEHALA PASCHIM,AITC,0,PostGraduate,Rs 6907821,~ 69 Lacs+,Rs 270000,~ 2 Lacs+
45,Sovan Chatterjee,BEHALA PURBA,AITC,0,GraduateProfessional,Rs 47928110,~ 4 Crore+,Rs 900871,~ 9 Lacs+
46,Seikh Safiujjaman,BELDANGA,INC,1,TwelfthPass,Rs 3717000,~ 37 Lacs+,Rs 0,~
47,Paresh Paul,BELEGHATA,AITC,2,Graduate,Rs 3870413,~ 38 Lacs+,Rs 0,~
48,Subrata Bakshi,BHABANIPUR,AITC,0,GraduateProfessional,Rs 6921371,~ 69 Lacs+,Rs 33363,~ 33 Thou+
49,Ardhendu Maity,BHAGABANPUR,AITC,0,GraduateProfessional,Rs 1907897,~ 19 Lacs+,Rs 0,~
50,Badal Jamadar,BHANGORE,CPM,1,PostGraduate,Rs 988749,~ 9 Lacs+,Rs 0,~
51,Saikh Id Mohammad,BHARATPUR,RSP,0,Graduate,Rs 1745038,~ 17 Lacs+,Rs 27460,~ 27 Thou+
52,Banamali Hazra,BHATAR,AITC,2,Graduate,Rs 2195526,~ 21 Lacs+,Rs 123425,~ 1 Lacs+
53,Arjun Singh,BHATPARA,AITC,14,TwelfthPass,Rs 3647795,~ 36 Lacs+,Rs 1733059,~ 17 Lacs+
54,Sujit Bose,BIDHAN NAGAR,AITC,1,TwelfthPass,Rs 6055857,~ 60 Lacs+,Rs 713000,~ 7 Lacs+
55,Subhranshu Roy,BIJPUR,AITC,1,PostGraduate,Rs 2286103,~ 22 Lacs+,Rs 100500,~ 1 Lacs+
56,Dibakar Hansda,BINPUR (ST),CPM,0,TwelfthPass,Rs 209934,~ 2 Lacs+,Rs 4000,~ 4 Thou+
57,Shyama Prasad Mukherjee,BISHNUPUR,AITC,1,GraduateProfessional,Rs 4305066,~ 43 Lacs+,Rs 0,~
58,Dilip Mondal,BISHNUPUR (SC),AITC,2,TwelfthPass,Rs 8754000,~ 87 Lacs+,Rs 1708524,~ 17 Lacs+
59,Chandra Nath Sinha,BOLPUR,AITC,0,PostGraduate,Rs 7553842,~ 75 Lacs+,Rs 537000,~ 5 Lacs+
60,Ashok Kumar Deb,BUDGE BUDGE,AITC,1,GraduateProfessional,Rs 182284,~ 1 Lacs+,Rs 0,~
61,Protima Rajak,BURWAN (SC),INC,0,Graduate,Rs 263339,~ 2 Lacs+,Rs 1038,~ 1 Thou+
62,Shyamal Mondal,CANNING PASCHIM (SC),AITC,0,GraduateProfessional,Rs 1442019,~ 14 Lacs+,Rs 0,~
63,Abdur Razzak Molla,CANNING PURBA,CPM,0,Graduate,Rs 6027373,~ 60 Lacs+,Rs 0,~
64,Naresh Chandra Chaki,CHAKDAH,AITC,1,PostGraduate,Rs 2686512,~ 26 Lacs+,Rs 0,~
65,Ali Imran Ramz,CHAKULIA,AIFB,3,GraduateProfessional,Rs 3503620,~ 35 Lacs+,Rs 264000,~ 2 Lacs+
66,Muzaffar Khan,CHAMPDANI,AITC,0,PostGraduate,Rs 14162828,~ 1 Crore+,Rs 1809300,~ 18 Lacs+
67,Asif Mehbub,CHANCHAL,INC,0,PostGraduate,Rs 4156153,~ 41 Lacs+,Rs 0,~
68,Ashok Kumar Shaw,CHANDANNAGORE,AITC,0,GraduateProfessional,Rs 1709882,~ 17 Lacs+,Rs 0,~
69,Amiya Kanti Bhattacharjee,CHANDIPUR,AITC,2,TwelfthPass,Rs 1199103,~ 11 Lacs+,Rs 0,~
70,Swati Khandkar,CHANDITALA,AITC,0,TwelfthPass,Rs 1948389,~ 19 Lacs+,Rs 0,~
71,Chhaya Dolai,CHANDRAKONA (SC),CPM,2,TenthPass,Rs 296855,~ 2 Lacs+,Rs 0,~
72,Rukbanur Rahman,CHAPRA,AITC,0,PostGraduate,Rs 116887,~ 1 Lacs+,Rs 0,~
73,Subhasis Batabyal,CHHATNA,AITC,0,PostGraduate,Rs 2210130,~ 22 Lacs+,Rs 267000,~ 2 Lacs+
74,Sikha Chowdhury,CHOWRANGEE,AITC,0,Graduate,Rs 21635563,~ 2 Crore+,Rs 1287500,~ 12 Lacs+
75,Asit Mazumder,CHUNCHURA,AITC,1,GraduateProfessional,Rs 5831426,~ 58 Lacs+,Rs 0,~
76,Goutam Deb,DABGRAM-PHULBARI,AITC,0,GraduateProfessional,Rs 8544343,~ 85 Lacs+,Rs 702000,~ 7 Lacs+
77,Arun Mahapatra,DANTAN,CPI,0,EighthPass,Rs 2364938,~ 23 Lacs+,Rs 189871,~ 1 Lacs+
78,Ajit Bhunia,DASPUR,AITC,1,TwelfthPass,Rs 339625,~ 3 Lacs+,Rs 35000,~ 35 Thou+
79,Radhakanta Maiti,DEBRA,AITC,6,TwelfthPass,Rs 2137010,~ 21 Lacs+,Rs 0,~
80,M Nuruzzaman,DEGANGA,AITC,0,PostGraduate,Rs 3552500,~ 35 Lacs+,Rs 970000,~ 9 Lacs+
81,Asima Patra,DHANEKHALI (SC),AITC,3,Graduate,Rs 57000,~ 57 Thou+,Rs 0,~
82,Mamata Roy,DHUPGURI (SC),CPM,0,TenthPass,Rs 936156,~ 9 Lacs+,Rs 0,~
83,Dipak Kumar Halder,DIAMOND HARBOUR,AITC,3,Graduate,Rs 1857050,~ 18 Lacs+,Rs 0,~
84,Rajib Banerjee,DOMJUR,AITC,0,PostGraduate,Rs 5518526,~ 55 Lacs+,Rs 0,~
85,Anisur Rahaman Sarkar,DOMKAL,CPM,0,PostGraduate,Rs 8239726,~ 82 Lacs+,Rs 0,~
86,Bijoy Bagdi,DUBRAJPUR (SC),AIFB,0,TwelfthPass,Rs 1597475,~ 15 Lacs+,Rs 0,~
87,Bratyabrata Basu,DUM DUM,AITC,0,PostGraduate,Rs 7309801,~ 73 Lacs+,Rs 473916,~ 4 Lacs+
88,Chandrima Bhattacharya,DUM DUM UTTAR,AITC,1,GraduateProfessional,Rs 986250,~ 9 Lacs+,Rs 527000,~ 5 Lacs+
89,Apurba Mukherjee,DURGAPUR PASCHIM,AITC,0,Graduate,Rs 34137964,~ 3 Crore+,Rs 0,~
90,Dr. Nikhil Kr. Banerjee,DURGAPUR PURBA,AITC,0,GraduateProfessional,Rs 24678276,~ 2 Crore+,Rs 0,~
91,Samares Das,EGRA,AITC,0,PostGraduate,Rs 13980722,~ 1 Crore+,Rs 0,~
92,Krishnendu Narayan Choudhury,ENGLISH BAZAR,INC,6,GraduateProfessional,Rs 1604162,~ 16 Lacs+,Rs 14248,~ 14 Thou+
93,Swarna Kamal Saha,ENTALLY,AITC,0,GraduateProfessional,Rs 25583084,~ 2 Crore+,Rs 288000,~ 2 Lacs+
94,Anil Adhikari,FALAKATA (SC),AITC,0,TenthPass,Rs 1365505,~ 13 Lacs+,Rs 0,~
95,Tamonash Ghosh,FALTA,AITC,0,GraduateProfessional,Rs 6773745,~ 67 Lacs+,Rs 29901,~ 29 Thou+
96,Mainul Haque,FARAKKA,INC,2,TenthPass,Rs 7391042,~ 73 Lacs+,Rs 300000,~ 3 Lacs+
97,Manjul Krishna Thakur,GAIGHATA,AITC,0,Graduate,Rs 2811294,~ 28 Lacs+,Rs 0,~
98,Sunil Kr. Mondal,GALSI (SC),AIFB,0,GraduateProfessional,Rs 6467280,~ 64 Lacs+,Rs 850000,~ 8 Lacs+
99,Satyendra Nath Roy,GANGARAMPUR (SC),AITC,0,TenthPass,Rs 920060,~ 9 Lacs+,Rs 0,~
100,Susanta Ghosh,GARBETA,CPM,0,TwelfthPass,Rs 1642653,~ 16 Lacs+,Rs 0,~
101,Sushil Chandra Ray,GAZOLE (SC),INC,0,TwelfthPass,Rs 1159346,~ 11 Lacs+,Rs 0,~
102,Shankar Dolai,GHATAL (SC),AITC,2,Graduate,Rs 2143500,~ 21 Lacs+,Rs 80000,~ 80 Thou+
103,Md. Ghulam Rabbani,GOALPOKHAR,INC,0,PostGraduate,Rs 1575500,~ 15 Lacs+,Rs 250000,~ 2 Lacs+
104,Biswanath Karak,GOGHAT (SC),AIFB,7,TwelfthPass,Rs 981000,~ 9 Lacs+,Rs 0,~
105,Chudamani Mahato,GOPIBALLAVPUR,AITC,0,EighthPass,Rs 414920,~ 4 Lacs+,Rs 0,~
106,Jayanta Naskar,GOSABA (SC),AITC,1,EighthPass,Rs 3727303,~ 37 Lacs+,Rs 519390,~ 5 Lacs+
107,Khagen Murmu,HABIBPUR (ST),CPM,0,Graduate,Rs 4985423,~ 49 Lacs+,Rs 48910,~ 48 Thou+
108,Jyoti Priya Mallick,HABRA,AITC,0,GraduateProfessional,Rs 8026444,~ 80 Lacs+,Rs 306363,~ 3 Lacs+
109,Seuli Saha,HALDIA (SC),AITC,0,GraduateProfessional,Rs 7418849,~ 74 Lacs+,Rs 550000,~ 5 Lacs+
110,Asit Kumar Mal,HANSAN,INC,0,TwelfthPass,Rs 224419,~ 2 Lacs+,Rs 0,~
111,Insar Ali Biswas,HARIHARPARA,CPM,0,PostGraduate,Rs 1734183,~ 17 Lacs+,Rs 0,~
112,Nilima Nag (mallick),HARINGHATA (SC),AITC,0,TenthPass,Rs 3100000,~ 31 Lacs+,Rs 0,~
113,Becharam Manna,HARIPAL,AITC,22,TenthPass,Rs 1589895,~ 15 Lacs+,Rs 0,~
114,Biplab Mitra,HARIRAMPUR,AITC,0,GraduateProfessional,Rs 2550310,~ 25 Lacs+,Rs 2001854,~ 20 Lacs+
115,Tajmul Hossain,HARISCHANDRA-PUR,AIFB,0,TwelfthPass,Rs 3436784,~ 34 Lacs+,Rs 0,~
116,Julfikar @ Julficar Molla,HAROA,AITC,0,EighthPass,Rs 6574315,~ 65 Lacs+,Rs 889994,~ 8 Lacs+
117,Khagendra Nath Sinha,HEMTABAD (SC),CPM,0,TwelfthPass,Rs 1182329,~ 11 Lacs+,Rs 0,~
118,Anandamay Mandal,HINGALGANJ (SC),CPI,0,TwelfthPass,Rs 318000,~ 3 Lacs+,Rs 0,~
119,Braja Mohan Majumder,HOWRAH DAKSHIN,AITC,66,PostGraduate,Rs 2310216,~ 23 Lacs+,Rs 0,~
120,Arup Roy,HOWRAH MADHYA,AITC,0,GraduateProfessional,Rs 11718686,~ 1 Crore+,Rs 0,~
121,Asok Ghosh,HOWRAH UTTAR,AITC,0,TwelfthPass,Rs 2825625,~ 28 Lacs+,Rs 0,~
122,Gurupada Mete,INDUS (SC),AITC,0,EighthPass,Rs 836620,~ 8 Lacs+,Rs 22000,~ 22 Thou+
123,Abdul Karim Chowdhary,ISLAMPUR,AITC,0,Graduate,Rs 12110000,~ 1 Crore+,Rs 617540,~ 6 Lacs+
124,Amal Acharjee,ITAHAR,AITC,0,TwelfthPass,Rs 4457859,~ 44 Lacs+,Rs 486533,~ 4 Lacs+
125,Manish Gupta,JADAVPUR,AITC,0,Graduate,Rs 39473048,~ 3 Crore+,Rs 110000,~ 1 Lacs+
126,Abul Kasem Molla,JAGATBALLAVPUR,AITC,0,GraduateProfessional,Rs 8950242,~ 89 Lacs+,Rs 570000,~ 5 Lacs+
127,Parash Dutta,JAGATDAL,AITC,0,Graduate,Rs 2524391,~ 25 Lacs+,Rs 30000,~ 30 Thou+
128,Abdur Razzak Mondal,JALANGI,CPM,0,PostGraduate,Rs 5090816,~ 50 Lacs+,Rs 0,~
129,Ujjal Pramanick,JAMALPUR (SC),AITC,0,Graduate,Rs 1949301,~ 19 Lacs+,Rs 0,~
130,Jahanara Khan,JAMURIA,CPM,0,Graduate,Rs 271855,~ 2 Lacs+,Rs 0,~
131,Snehasis Chakraborty,JANGIPARA,AITC,2,PostGraduate,Rs 3040478,~ 30 Lacs+,Rs 978248,~ 9 Lacs+
132,Md. Sohrab,JANGIPUR,INC,0,PostGraduate,Rs 1961408,~ 19 Lacs+,Rs 0,~
133,Tarun Kanti Naskar,JAYNAGAR (SC),SUCI(C),0,Doctorate,Rs 1113648,~ 11 Lacs+,Rs 0,~
134,Sukumar Hansda,JHARGRAM,AITC,0,GraduateProfessional,Rs 12205017,~ 1 Crore+,Rs 263000,~ 2 Lacs+
135,Smita Bakshi,JORASANKO,AITC,1,Graduate,Rs 11989316,~ 1 Crore+,Rs 1201070,~ 12 Lacs+
136,Dhirendra Nath Mahato,JOYPUR,AIFB,0,TenthPass,Rs 934509,~ 9 Lacs+,Rs 0,~
137,Manturam Pakhira,KAKDWIP,AITC,0,TenthPass,Rs 135513,~ 1 Lacs+,Rs 0,~
138,Wilson Champramary,KALCHINI (ST),IND,6,EighthPass,Rs 1382000,~ 13 Lacs+,Rs 230000,~ 2 Lacs+
139,Pramatha Nath Roy,KALIAGANJ (SC),INC,0,PostGraduate,Rs 2082813,~ 20 Lacs+,Rs 0,~
140,Nasiruddin Ahamed,KALIGANJ,AITC,0,PostGraduate,Rs 6550602,~ 65 Lacs+,Rs 473500,~ 4 Lacs+
141,Dr. Harka Bahadur  Chettri,KALIMPONG,GJM,8,Doctorate,Rs 3347000,~ 33 Lacs+,Rs 492890,~ 4 Lacs+
142,Biswajit Kundu,KALNA (SC),AITC,0,TenthPass,Rs 940401,~ 9 Lacs+,Rs 207240,~ 2 Lacs+
143,Dr. Ramendra Nath Biswas,KALYANI (SC),AITC,0,Doctorate,Rs 5894561,~ 58 Lacs+,Rs 250000,~ 2 Lacs+
144,Apurba Sarkar,KANDI,INC,2,TwelfthPass,Rs 13956850,~ 1 Crore+,Rs 600000,~ 6 Lacs+
145,Dibyendu Adhikari,KANTHI DAKSHIN,AITC,8,Graduate,Rs 4612500,~ 46 Lacs+,Rs 748900,~ 7 Lacs+
146,Banasri Maity,KANTHI UTTAR,AITC,0,Graduate,Rs 2570194,~ 25 Lacs+,Rs 84750,~ 84 Thou+
147,Gokul Behari Roy,KARANDIGHI,AIFB,0,Graduate,Rs 3041353,~ 30 Lacs+,Rs 0,~
148,Samarendranath Ghosh,KARIMPUR,CPM,0,PostGraduate,Rs 1360635,~ 13 Lacs+,Rs 310849,~ 3 Lacs+
149,Javed Ahmed Khan,KASBA,AITC,2,Graduate,Rs 21682397,~ 2 Crore+,Rs 0,~
150,Swapan Kumar Belthoriya,KASHIPUR,AITC,1,EighthPass,Rs 4499999,~ 44 Lacs+,Rs 1400000,~ 14 Lacs+
151,Mala Saha,KASHIPUR-BELGACHIA,AITC,0,PostGraduate,Rs 3316789,~ 33 Lacs+,Rs 470000,~ 4 Lacs+
152,Soumitra Khan,KATULPUR (SC),INC,1,TwelfthPass,Rs 132000,~ 1 Lacs+,Rs 0,~
153,Rabindranath Chatterjee,KATWA,INC,0,Graduate,Rs 7119338,~ 71 Lacs+,Rs 535291,~ 5 Lacs+
154,Biram Mandi,KESHIARY (ST),CPM,0,TenthPass,Rs 186014,~ 1 Lacs+,Rs 0,~
155,Rameswar Doloi,KESHPUR (SC),CPM,1,TwelfthPass,Rs 1041960,~ 10 Lacs+,Rs 0,~
156,Sekh Sahonawez,KETUGRAM,AITC,13,TwelfthPass,Rs 998675,~ 9 Lacs+,Rs 0,~
157,Iqbal Ahmed,KHANAKUL,AITC,2,TenthPass,Rs 70961613,~ 7 Crore+,Rs 4165330,~ 41 Lacs+
158,Nabin Chandra Bag,KHANDAGHOSH (SC),CPM,0,Graduate,Rs 54015,~ 54 Thou+,Rs 0,~
159,Nazmul Haque,KHARAGPUR,CPM,0,Graduate,Rs 1284128,~ 12 Lacs+,Rs 0,~
160,Gyan Singh Sohanpa,KHARAGPUR SADAR,INC,0,TenthPass,Rs 738859,~ 7 Lacs+,Rs 0,~
161,Amit Kumar Mitra,KHARDAHA,AITC,0,Doctorate,Rs 70876316,~ 7 Crore+,Rs 0,~
162,Ashis Marjit,KHARGRAM (SC),INC,0,TwelfthPass,Rs 310095,~ 3 Lacs+,Rs 0,~
163,Ranajit Mondal,KHEJURI (SC),AITC,0,Graduate,Rs 407313,~ 4 Lacs+,Rs 0,~
164,Firhad Hakim,KOKATA PORT,AITC,1,Graduate,Rs 37780088,~ 3 Crore+,Rs 5399000,~ 53 Lacs+
165,Sushil Biswas,KRISHNAGANJ (SC),AITC,9,TwelfthPass,Rs 1745000,~ 17 Lacs+,Rs 20000,~ 20 Thou+
166,Ujjwal Biswas,KRISHNANAGAR DAKSHIN,AITC,0,Graduate,Rs 6583343,~ 65 Lacs+,Rs 705606,~ 7 Lacs+
167,Abani Mohan Joardar,KRISHNANAGAR UTTAR,AITC,0,Graduate,Rs 5560367,~ 55 Lacs+,Rs 0,~
168,Jogoranjan Halder,KULPI,AITC,0,GraduateProfessional,Rs 925481,~ 9 Lacs+,Rs 0,~
169,Ramsankar Halder,KULTALI (SC),CPM,0,TenthPass,Rs 446034,~ 4 Lacs+,Rs 0,~
170,Ujjal Chatterjee,KULTI,AITC,0,Graduate,Rs 748000,~ 7 Lacs+,Rs 0,~
171,Dasrath Tirkey,KUMARGRAM (ST),RSP,0,Graduate,Rs 1066293,~ 10 Lacs+,Rs 0,~
172,Rohit Sharma,KURSEONG,GJM,0,Doctorate,Rs 3820025,~ 38 Lacs+,Rs 426787,~ 4 Lacs+
173,Narmada Chandra Roy,KUSHMUNDI (SC),RSP,0,Graduate,Rs 4142515,~ 41 Lacs+,Rs 134773,~ 1 Lacs+
174,Monirul Islam,LABPUR,AITC,8,TwelfthPass,Rs 1992652,~ 19 Lacs+,Rs 0,~
175,Abu Hena,LALGOLA,INC,0,PostGraduate,Rs 6058633,~ 60 Lacs+,Rs 0,~
176,Kumari Kujur,MADARIHAT (ST),RSP,0,TenthPass,Rs 737223,~ 7 Lacs+,Rs 143000,~ 1 Lacs+
177,Sri Rathin Ghosh,MADHYAMGRAM,AITC,1,Graduate,Rs 370468,~ 3 Lacs+,Rs 0,~
178,Giasuddin Molla,MAGRAHAT PASCHIM,AITC,3,TwelfthPass,Rs 3163805,~ 31 Lacs+,Rs 40000,~ 40 Thou+
179,Namita Saha,MAGRAHAT PURBA (SC),AITC,0,GraduateProfessional,Rs 206589,~ 2 Lacs+,Rs 0,~
180,Kasturi Das,MAHESHTALA,AITC,0,EighthPass,Rs 71855504,~ 7 Crore+,Rs 5031231,~ 50 Lacs+
181,Dr. Sudarsan Ghosh Dastidar,MAHISADAL,AITC,0,PostGraduate,Rs 14710503,~ 1 Crore+,Rs 247575,~ 2 Lacs+
182,Abdur Rahim Boxi,MALATIPUR,RSP,2,TwelfthPass,Rs 10117752,~ 1 Crore+,Rs 837942,~ 8 Lacs+
183,Bhupendra Nath Halder(arjun),MALDAHA (SC),INC,2,Graduate,Rs 605534,~ 6 Lacs+,Rs 0,~
184,Sandhyarani Tudu,MANBAZAR (ST),AITC,0,TenthPass,Rs 3272588,~ 32 Lacs+,Rs 864538,~ 8 Lacs+
185,Jaydeb Haldar,MANDIRBAZAR (SC),AITC,2,EighthPass,Rs 689113,~ 6 Lacs+,Rs 0,~
186,Sahajahan Choudhury,MANGALKOT,CPM,0,PostGraduate,Rs 667044,~ 6 Lacs+,Rs 0,~
187,Sabitri Mitra,MANICKCHAK,AITC,0,TenthPass,Rs 1220213,~ 12 Lacs+,Rs 6391,~ 6 Thou+
188,Sadhan Pande,MANIKTALA,AITC,0,GraduateProfessional,Rs 23398856,~ 2 Crore+,Rs 0,~
189,Sankar Malakar,MATIGARA-NAXALBARI (SC),INC,0,EighthPass,Rs 18677327,~ 1 Crore+,Rs 0,~
190,Ananta Deb Adhikari,MAYNAGURI (SC),RSP,0,Graduate,Rs 3952381,~ 39 Lacs+,Rs 50000,~ 50 Thou+
191,Asok Kumar Ray,MAYURESWAR,CPM,0,GraduateProfessional,Rs 996565,~ 9 Lacs+,Rs 0,~
192,Mrigendra Nath Maiti,MEDINIPUR,AITC,0,PostGraduate,Rs 5992495,~ 59 Lacs+,Rs 0,~
193,Paresh Ch. Adhikary,MEKLIGANJ (SC),AIFB,0,TwelfthPass,Rs 7846736,~ 78 Lacs+,Rs 0,~
194,Abul Hasem Mondal,MEMARI,AITC,0,Doctorate,Rs 5975219,~ 59 Lacs+,Rs 0,~
195,Mamtaj Begam,METIABRUZ,AITC,3,EighthPass,Rs 357733,~ 3 Lacs+,Rs 0,~
196,Usha Rani Mondal,MINAKHAN (SC),AITC,0,EighthPass,Rs 1885448,~ 18 Lacs+,Rs 0,~
197,Chowdhury Md Hedayatullah,MONTESWAR,CPM,0,Graduate,Rs 4498455,~ 44 Lacs+,Rs 800000,~ 8 Lacs+
198,Sabina Yeasmin,MOTHABARI,INC,0,PostGraduate,Rs 3041687,~ 30 Lacs+,Rs 0,~
199,Bhushan Chandra Dolai,MOYNA,AITC,0,PostGraduate,Rs 1777153,~ 17 Lacs+,Rs 0,~
200,Nure Alam Chowdhury,MURARAI,AITC,0,Graduate,Rs 92350000,~ 9 Crore+,Rs 0,~
201,Shaoni Singha Roy,MURSHIDABAD,INC,1,Graduate,Rs 781770,~ 7 Lacs+,Rs 0,~
202,Pundarikakshya Saha,NABADWIP,AITC,0,Graduate,Rs 56905,~ 56 Thou+,Rs 0,~
203,Kanai Chandra Mondal,NABAGRAM (SC),CPM,3,Graduate,Rs 1099869,~ 10 Lacs+,Rs 0,~
204,Joseph Munda,NAGRAKATA (ST),INC,0,TenthPass,Rs 666758,~ 6 Lacs+,Rs 116824,~ 1 Lacs+
205,Partha Bhowmick,NAIHATI,AITC,3,PostGraduate,Rs 6400723,~ 64 Lacs+,Rs 164534,~ 1 Lacs+
206,Kallol Khan,NAKASHIPARA,AITC,1,TwelfthPass,Rs 400800,~ 4 Lacs+,Rs 0,~
207,Abhijit Mukherjee,NALHATI,INC,0,GraduateProfessional,Rs 49337491,~ 4 Crore+,Rs 5790000,~ 57 Lacs+
208,Sukumar De,NANDAKUMAR,AITC,0,Graduate,Rs 1423654,~ 14 Lacs+,Rs 316000,~ 3 Lacs+
209,Phiroja Bibi,NANDIGRAM,AITC,0,EighthPass,Rs 725065,~ 7 Lacs+,Rs 0,~
210,Gadadhar Hazra,NANOOR (SC),AITC,2,TenthPass,Rs 513824,~ 5 Lacs+,Rs 20000,~ 20 Thou+
211,Abu Taher Khan,NAODA,INC,3,TwelfthPass,Rs 4848800,~ 48 Lacs+,Rs 0,~
212,Dr. Surjya Kanta Mishra,NARAYANGARH,CPM,0,GraduateProfessional,Rs 1833873,~ 18 Lacs+,Rs 0,~
213,Rabindra Nath Ghosh,NATABARI,AITC,1,Graduate,Rs 11807005,~ 1 Crore+,Rs 393000,~ 3 Lacs+
214,Dulal Murmu,NAYAGRAM (ST),AITC,0,PostGraduate,Rs 104079,~ 1 Lacs+,Rs 2000,~ 2 Thou+
215,Manju Basu,NOAPARA,AITC,0,GraduateProfessional,Rs 1898000,~ 18 Lacs+,Rs 0,~
216,Arup Kumar Khan,ONDA,AITC,0,Graduate,Rs 1891236,~ 18 Lacs+,Rs 591225,~ 5 Lacs+
217,S.m.sadi,PALASHIPARA,CPM,0,TwelfthPass,Rs 702827,~ 7 Lacs+,Rs 170930,~ 1 Lacs+
218,Gulsan Mullick,PANCHLA,AITC,3,TwelfthPass,Rs 25526144,~ 2 Crore+,Rs 1298192,~ 12 Lacs+
219,Gouranga Chatterjee,PANDABESWAR,CPM,0,PostGraduate,Rs 36677,~ 36 Thou+,Rs 0,~
220,Sk. Amjad Hossain,PANDUA,CPM,1,Graduate,Rs 1407200,~ 14 Lacs+,Rs 0,~
221,Nirmal Ghosh,PANIHATI,AITC,0,Graduate,Rs 3167890,~ 31 Lacs+,Rs 0,~
222,Sk. Dr. Omar Ali,PANSKURA PASCHIM,AITC,0,TwelfthPass,Rs 2746861,~ 27 Lacs+,Rs 0,~
223,Biplab Roy Choudhury,PANSKURA PURBA,AITC,3,TwelfthPass,Rs 1320313,~ 13 Lacs+,Rs 0,~
224,Umapada Baur,PARA (SC),INC,0,Graduate,Rs 533602,~ 5 Lacs+,Rs 0,~
225,Jyotirmoy Kar,PATASHPUR,AITC,0,PostGraduate,Rs 3967467,~ 39 Lacs+,Rs 0,~
226,Samir Kumar Jana,PATHARPRATIMA,AITC,4,PostGraduate,Rs 1494850,~ 14 Lacs+,Rs 0,~
227,Sunil Chandra Tirkey,PHANSIDEWA (ST),INC,0,Graduate,Rs 5385008,~ 53 Lacs+,Rs 0,~
228,Prabodh Chandra Sinha,PINGLA,DSP(PC),0,PostGraduate,Rs 10202437,~ 1 Crore+,Rs 0,~
229,Swapan Debnath,PURBASTHALI DAKSHIN,AITC,0,PostGraduate,Rs 2352087,~ 23 Lacs+,Rs 19838,~ 19 Thou+
230,Tapan Chatterjee,PURBASTHALI UTTAR,AITC,5,TwelfthPass,Rs 2687733,~ 26 Lacs+,Rs 59369,~ 59 Thou+
231,Sk Parvez Rahman,PURSURAH,AITC,7,TwelfthPass,Rs 2714019,~ 27 Lacs+,Rs 0,~
232,Kamakshya Prasad Singh Deo,PURULIA,AITC,0,TwelfthPass,Rs 6300906,~ 63 Lacs+,Rs 0,~
233,Akhruzzaman,RAGHUNATHGANJ,INC,1,GraduateProfessional,Rs 2845408,~ 28 Lacs+,Rs 0,~
234,Purna Chandra Bauri,RAGHUNATHPUR (SC),AITC,0,FifthPass,Rs 1889271,~ 18 Lacs+,Rs 495400,~ 4 Lacs+
235,Debasree Roy,RAIDIGHI,AITC,0,TwelfthPass,Rs 6781971,~ 67 Lacs+,Rs 1355804,~ 13 Lacs+
236,Mohit Sengupta,RAIGANJ,INC,2,Graduate,Rs 5586203,~ 55 Lacs+,Rs 267632,~ 2 Lacs+
237,Basudeb Khan,RAINA (SC),CPM,0,Others,Rs 292127,~ 2 Lacs+,Rs 0,~
238,Upen Kisku,RAIPUR (ST),CPM,0,Graduate,Rs 2356444,~ 23 Lacs+,Rs 300000,~ 3 Lacs+
239,Purnendu Basu,RAJARHAT GOPALPUR,AITC,0,Graduate,Rs 923528,~ 9 Lacs+,Rs 0,~
240,Sri Sabyasachi Dutta,RAJARHAT NEW TOWN,AITC,0,GraduateProfessional,Rs 4355410,~ 43 Lacs+,Rs 0,~
241,Khageswar Roy,RAJGANJ,AITC,0,TwelfthPass,Rs 1181524,~ 11 Lacs+,Rs 175000,~ 1 Lacs+
242,Akhil Giri,RAMNAGAR,AITC,12,TwelfthPass,Rs 1137000,~ 11 Lacs+,Rs 850000,~ 8 Lacs+
243,Asish Banerjee,RAMPURHAT,AITC,0,Doctorate,Rs 3575914,~ 35 Lacs+,Rs 0,~
244,Abir Ranjan Biswas,RANAGHAT DAKSHIN (SC),AITC,0,PostGraduate,Rs 2763417,~ 27 Lacs+,Rs 0,~
245,Parthasarathi Chatterjee,RANAGHAT UTTAR PASCHIM,AITC,0,GraduateProfessional,Rs 4307474,~ 43 Lacs+,Rs 348000,~ 3 Lacs+
246,Samir Kumar Poddar,RANAGHAT UTTAR PURBA (SC),AITC,0,Graduate,Rs 13789060,~ 1 Crore+,Rs 7381678,~ 73 Lacs+
247,Deblina Hembram,RANIBUNDH (ST),CPM,0,TenthPass,Rs 1716452,~ 17 Lacs+,Rs 303884,~ 3 Lacs+
248,Md. Sohrab Ali,RANIGANJ,AITC,6,TenthPass,Rs 30563899,~ 3 Crore+,Rs 5547500,~ 55 Lacs+
249,Firoza Begam,RANINAGAR,INC,0,PostGraduate,Rs 4359808,~ 43 Lacs+,Rs 729961,~ 7 Lacs+
250,Sobhandeb Chattopadhyay,RASHBEHARI,AITC,0,GraduateProfessional,Rs 8518264,~ 85 Lacs+,Rs 0,~
251,Samar Mukherjee,RATUA,INC,0,TwelfthPass,Rs 1390555,~ 13 Lacs+,Rs 0,~
252,Humayun Kabir,REJINAGAR,INC,6,EighthPass,Rs 10465865,~ 1 Crore+,Rs 3400000,~ 34 Lacs+
253,Manas Ranjan Bhunia,SABANG,INC,0,GraduateProfessional,Rs 19842961,~ 1 Crore+,Rs 0,~
254,Bankim Chandra Hazra,SAGAR,AITC,0,PostGraduate,Rs 2276285,~ 22 Lacs+,Rs 0,~
255,Subrata Saha,SAGARDIGHI,AITC,0,GraduateProfessional,Rs 6032600,~ 60 Lacs+,Rs 1407230,~ 14 Lacs+
256,Dhiren Bagdi,SAINTHIA (SC),CPM,1,EighthPass,Rs 1070928,~ 10 Lacs+,Rs 187317,~ 1 Lacs+
257,Srikanta Mahata,SALBONI,AITC,2,Graduate,Rs 704372,~ 7 Lacs+,Rs 46537,~ 46 Thou+
258,Sri Swapan Bauri,SALTORA (SC),AITC,0,TenthPass,Rs 473060,~ 4 Lacs+,Rs 0,~
259,Touab Ali,SAMSERGANJ,CPM,0,TwelfthPass,Rs 3317450,~ 33 Lacs+,Rs 121388,~ 1 Lacs+
260,Nirapada Sardar,SANDESHKHALI (ST),CPM,0,GraduateProfessional,Rs 771505,~ 7 Lacs+,Rs 7000,~ 7 Thou+
261,Sital Kumar Sardar,SANKRAIL (SC),AITC,1,TwelfthPass,Rs 3143541,~ 31 Lacs+,Rs 0,~
262,Ajoy Dey,SANTIPUR,INC,0,Graduate,Rs 1989139,~ 19 Lacs+,Rs 43613,~ 43 Thou+
263,Tapan Dasgupta,SAPTAGRAM,AITC,0,Graduate,Rs 1556431,~ 15 Lacs+,Rs 0,~
264,Sonali Guha (bose),SATGACHIA,AITC,2,Graduate,Rs 2824199,~ 28 Lacs+,Rs 0,~
265,Jatu Lahiri,SHIBPUR,AITC,2,TenthPass,Rs 5909784,~ 59 Lacs+,Rs 0,~
266,Shashi Panja,SHYAMPUKUR,AITC,0,GraduateProfessional,Rs 37359910,~ 3 Crore+,Rs 0,~
267,Kalipada Mandal,SHYAMPUR,AITC,0,GraduateProfessional,Rs 2481041,~ 24 Lacs+,Rs 0,~
268,Rudra Nath Bhattacharya,SILIGURI,AITC,0,PostGraduate,Rs 11711416,~ 1 Crore+,Rs 288719,~ 2 Lacs+
269,Rabindranath Bhattacharya,SINGUR,AITC,2,PostGraduate,Rs 1600307,~ 16 Lacs+,Rs 0,~
270,Dipali Saha,SONAMUKHI (SC),AITC,2,TenthPass,Rs 2713195,~ 27 Lacs+,Rs 520813,~ 5 Lacs+
271,Firdousi Begum,SONARPUR UTTAR,AITC,0,TwelfthPass,Rs 7118800,~ 71 Lacs+,Rs 59895,~ 59 Thou+
272,Sudipta Roy,SREERAMPUR,AITC,0,PostGraduate,Rs 31251423,~ 3 Crore+,Rs 0,~
273,Abu Nasar Khan Choudhury,SUJAPUR,INC,1,Doctorate,Rs 2977708,~ 29 Lacs+,Rs 0,~
274,Swapan Kanti Ghosh,SURI,AITC,1,TwelfthPass,Rs 120143670,~ 12 Crore+,Rs 11860714,~ 1 Crore+
275,Emani Biswas,SUTI,INC,0,TwelfthPass,Rs 41185393,~ 4 Crore+,Rs 4489378,~ 44 Lacs+
276,Bina Mondal,SWARUPNAGAR,AITC,0,Graduate,Rs 1386810,~ 13 Lacs+,Rs 0,~
277,Manoranjan Patra,TALDANGRA,CPM,1,TwelfthPass,Rs 2431536,~ 24 Lacs+,Rs 0,~
278,Sauman Kumar Mahapatra,TAMLUK,AITC,0,Doctorate,Rs 17647277,~ 1 Crore+,Rs 0,~
279,Bachchu Hansda,TAPAN (ST),AITC,0,PostGraduate,Rs 854513,~ 8 Lacs+,Rs 848513,~ 8 Lacs+
280,Rachhpal Singh,TARAKESWAR,AITC,0,GraduateProfessional,Rs 5970674,~ 59 Lacs+,Rs 2000000,~ 20 Lacs+
281,Ranjit Kumar Mandal,TEHATTA,CPM,0,PostGraduate,Rs 1468665,~ 14 Lacs+,Rs 50000,~ 50 Thou+
282,Aroop Biswas,TOLLYGUNJ,AITC,2,Graduate,Rs 7532932,~ 75 Lacs+,Rs 0,~
283,Arghya Roy Pradhan,TUFANGANJ,AITC,0,Graduate,Rs 811122,~ 8 Lacs+,Rs 0,~
284,Samir Kumar Panja,UDAYNARAYANPUR,AITC,3,GraduateProfessional,Rs 3066949,~ 30 Lacs+,Rs 688590,~ 6 Lacs+
285,Pulak Roy,ULUBERIA DAKSHIN,AITC,3,Graduate,Rs 2011680,~ 20 Lacs+,Rs 525292,~ 5 Lacs+
286,Haider Aziz Safwi,ULUBERIA PURBA,AITC,0,PostGraduate,Rs 53381084,~ 5 Crore+,Rs 136566,~ 1 Lacs+
287,Nirmal Maji,ULUBERIA UTTAR (SC),AITC,0,GraduateProfessional,Rs 2269652,~ 22 Lacs+,Rs 0,~
288,Anup Ghosal,UTTARPARA,AITC,0,Doctorate,Rs 14226272,~ 1 Crore+,Rs 0,~
1,Minati Misra,BANKURA: BYE - ELECTION ON 12-06-2012,AITC,0,GraduateProfessional,Rs 3205480,~ 32 Lacs+,Rs 0,~
2,A.t.m. Abdulla (rony),BASIRHAT UTTAR: BYE-ELECTION ON 25-09-2011,AITC,0,Graduate,Rs 559500,~ 5 Lacs+,Rs 0,~
3,Mamata Banerjee,BHABANIPUR: BYE-ELECTION ON 25-09-2011,AITC,0,PostGraduate,Rs 1584190,~ 15 Lacs+,Rs 0,~
4,Mamata Bhunia,DASPUR: BYE - ELECTION ON 12-06-2012,AITC,0,TenthPass,Rs 317600,~ 3 Lacs+,Rs 0,~
